-- MySQL dump 10.13  Distrib 8.0.38, for Win64 (x86_64)
--
-- Host: 140.131.115.94    Database: metro
-- ------------------------------------------------------
-- Server version	8.0.41

/*!40101 SET @OLD_CHARACTER_SET_CLIENT=@@CHARACTER_SET_CLIENT */;
/*!40101 SET @OLD_CHARACTER_SET_RESULTS=@@CHARACTER_SET_RESULTS */;
/*!40101 SET @OLD_COLLATION_CONNECTION=@@COLLATION_CONNECTION */;
/*!50503 SET NAMES utf8 */;
/*!40103 SET @OLD_TIME_ZONE=@@TIME_ZONE */;
/*!40103 SET TIME_ZONE='+00:00' */;
/*!40014 SET @OLD_UNIQUE_CHECKS=@@UNIQUE_CHECKS, UNIQUE_CHECKS=0 */;
/*!40014 SET @OLD_FOREIGN_KEY_CHECKS=@@FOREIGN_KEY_CHECKS, FOREIGN_KEY_CHECKS=0 */;
/*!40101 SET @OLD_SQL_MODE=@@SQL_MODE, SQL_MODE='NO_AUTO_VALUE_ON_ZERO' */;
/*!40111 SET @OLD_SQL_NOTES=@@SQL_NOTES, SQL_NOTES=0 */;

--
-- Table structure for table `chat_record`
--

DROP TABLE IF EXISTS `chat_record`;
/*!40101 SET @saved_cs_client     = @@character_set_client */;
/*!50503 SET character_set_client = utf8mb4 */;
CREATE TABLE `chat_record` (
  `CNo` int NOT NULL AUTO_INCREMENT COMMENT '對話紀錄流水號',
  `UserNo` int NOT NULL COMMENT '使用者流水號',
  `Question` text NOT NULL COMMENT '問題',
  `Answer` text NOT NULL COMMENT '回答',
  `Type` char(1) NOT NULL COMMENT '回答類型(C:問答/I行程)',
  `CreateTime` datetime NOT NULL COMMENT '建立時間',
  `UpdateTime` datetime NOT NULL COMMENT '更新時間',
  PRIMARY KEY (`CNo`),
  KEY `FK_chat_UserNo_idx` (`UserNo`),
  CONSTRAINT `FK_chat_UserNo` FOREIGN KEY (`UserNo`) REFERENCES `user_profile` (`UserNo`)
) ENGINE=InnoDB DEFAULT CHARSET=utf8mb4 COLLATE=utf8mb4_0900_ai_ci COMMENT='AI對話紀錄資料表';
/*!40101 SET character_set_client = @saved_cs_client */;

--
-- Dumping data for table `chat_record`
--

LOCK TABLES `chat_record` WRITE;
/*!40000 ALTER TABLE `chat_record` DISABLE KEYS */;
/*!40000 ALTER TABLE `chat_record` ENABLE KEYS */;
UNLOCK TABLES;

--
-- Table structure for table `itinerary`
--

DROP TABLE IF EXISTS `itinerary`;
/*!40101 SET @saved_cs_client     = @@character_set_client */;
/*!50503 SET character_set_client = utf8mb4 */;
CREATE TABLE `itinerary` (
  `ITNo` int NOT NULL COMMENT '行程流水號',
  `ITSNo` int NOT NULL COMMENT '行程設定流水號',
  `Day` tinyint NOT NULL COMMENT '天數',
  `Time` time NOT NULL COMMENT '時間',
  `Sort` tinyint NOT NULL COMMENT '排序',
  `CreateTime` datetime NOT NULL COMMENT '建立時間',
  `UpdateTime` datetime NOT NULL COMMENT '更新時間',
  PRIMARY KEY (`ITNo`),
  KEY `FK_itinerary_ITSNo_idx` (`ITSNo`),
  CONSTRAINT `FK_itinerary_ITSNo` FOREIGN KEY (`ITSNo`) REFERENCES `itinerary_setting` (`ITSNo`)
) ENGINE=InnoDB DEFAULT CHARSET=utf8mb4 COLLATE=utf8mb4_0900_ai_ci COMMENT='行程資料表';
/*!40101 SET character_set_client = @saved_cs_client */;

--
-- Dumping data for table `itinerary`
--

LOCK TABLES `itinerary` WRITE;
/*!40000 ALTER TABLE `itinerary` DISABLE KEYS */;
/*!40000 ALTER TABLE `itinerary` ENABLE KEYS */;
UNLOCK TABLES;

--
-- Table structure for table `itinerary_setting`
--

DROP TABLE IF EXISTS `itinerary_setting`;
/*!40101 SET @saved_cs_client     = @@character_set_client */;
/*!50503 SET character_set_client = utf8mb4 */;
CREATE TABLE `itinerary_setting` (
  `ITSNo` int NOT NULL AUTO_INCREMENT COMMENT '行程設定流水號',
  `UserNo` int NOT NULL COMMENT '使用者流水號',
  `Title` varchar(50) NOT NULL COMMENT '標題',
  `StartDate` date NOT NULL COMMENT '開始日期',
  `EndDate` date NOT NULL COMMENT '結束日期',
  `Dest` char(4) NOT NULL COMMENT '目的地站點(statoin.StatoinCode)',
  `Cover` varchar(64) DEFAULT NULL COMMENT '行程封面',
  `CreateTime` datetime NOT NULL COMMENT '建立時間',
  `UpdateTime` datetime NOT NULL COMMENT '建立時間',
  PRIMARY KEY (`ITSNo`),
  KEY `FK_itinerary_setting_UserNo_idx` (`UserNo`),
  KEY `FK_itinerary_setting_Dest_idx` (`Dest`),
  CONSTRAINT `FK_itinerary_setting_Dest` FOREIGN KEY (`Dest`) REFERENCES `station` (`StationCode`),
  CONSTRAINT `FK_itinerary_setting_UserNo` FOREIGN KEY (`UserNo`) REFERENCES `user_profile` (`UserNo`)
) ENGINE=InnoDB DEFAULT CHARSET=utf8mb4 COLLATE=utf8mb4_0900_ai_ci COMMENT='行程設定資料表';
/*!40101 SET character_set_client = @saved_cs_client */;

--
-- Dumping data for table `itinerary_setting`
--

LOCK TABLES `itinerary_setting` WRITE;
/*!40000 ALTER TABLE `itinerary_setting` DISABLE KEYS */;
/*!40000 ALTER TABLE `itinerary_setting` ENABLE KEYS */;
UNLOCK TABLES;

--
-- Table structure for table `line`
--

DROP TABLE IF EXISTS `line`;
/*!40101 SET @saved_cs_client     = @@character_set_client */;
/*!50503 SET character_set_client = utf8mb4 */;
CREATE TABLE `line` (
  `LineCode` char(2) NOT NULL COMMENT '各線代碼',
  `NameE` varchar(50) NOT NULL COMMENT '各線(英)',
  `NameC` varchar(20) NOT NULL COMMENT '各線(中)',
  `Sort` char(1) NOT NULL COMMENT '排序',
  PRIMARY KEY (`LineCode`),
  UNIQUE KEY `NameE_UNIQUE` (`NameE`),
  UNIQUE KEY `NameC_UNIQUE` (`NameC`)
) ENGINE=InnoDB DEFAULT CHARSET=utf8mb4 COLLATE=utf8mb4_0900_ai_ci COMMENT='捷運各線資料表';
/*!40101 SET character_set_client = @saved_cs_client */;

--
-- Dumping data for table `line`
--

LOCK TABLES `line` WRITE;
/*!40000 ALTER TABLE `line` DISABLE KEYS */;
INSERT INTO `line` VALUES ('BL','Bannan Line','板南線','5'),('BR','Wenhu Line','文湖線','1'),('G','Songshan-Xindian Line','松山新店線','3'),('O','Zhonghe-Xinlu Line','中和新蘆線','4'),('R','Tamsui–Xinyi Line','淡水信義線','2'),('Y','Circular Line','環狀線','6');
/*!40000 ALTER TABLE `line` ENABLE KEYS */;
UNLOCK TABLES;

--
-- Table structure for table `station`
--

DROP TABLE IF EXISTS `station`;
/*!40101 SET @saved_cs_client     = @@character_set_client */;
/*!50503 SET character_set_client = utf8mb4 */;
CREATE TABLE `station` (
  `StationCode` char(4) NOT NULL COMMENT '站點代表號',
  `NameE` varchar(50) NOT NULL COMMENT '站點(英)',
  `NameC` varchar(20) NOT NULL COMMENT '站點(中)',
  `LineCode` char(2) NOT NULL COMMENT '各線代表號',
  `Sort` tinyint NOT NULL COMMENT '站點的第n個位置',
  PRIMARY KEY (`StationCode`),
  KEY `FK_station_LineCode_idx` (`LineCode`),
  CONSTRAINT `FK_station_LineCode` FOREIGN KEY (`LineCode`) REFERENCES `line` (`LineCode`)
) ENGINE=InnoDB DEFAULT CHARSET=utf8mb4 COLLATE=utf8mb4_0900_ai_ci COMMENT='捷運站點資料表';
/*!40101 SET character_set_client = @saved_cs_client */;

--
-- Dumping data for table `station`
--

LOCK TABLES `station` WRITE;
/*!40000 ALTER TABLE `station` DISABLE KEYS */;
INSERT INTO `station` VALUES ('BL01','Dingpu','頂埔','BL',1),('BL02','Yongning','永寧','BL',2),('BL03','Tucheng','土城','BL',3),('BL04','Haishan','海山','BL',4),('BL05','Far Eastern Hospital','亞東醫院','BL',5),('BL06','Fuzhong','府中','BL',6),('BL07','Banqiao','板橋','BL',7),('BL08','Xinpu','新埔','BL',8),('BL09','Jiangzicui','江子翠','BL',9),('BL10','Longshan Temple','龍山寺','BL',10),('BL11','Ximen','西門','BL',11),('BL12','Taipei Main Station','台北車站','BL',12),('BL13','Shandao Temple','善導寺','BL',13),('BL14','Zhongxiao Xinsheng','忠孝新生','BL',14),('BL15','Zhongxiao Fuxing','忠孝復興','BL',15),('BL16','Zhongxiao Dunhua','忠孝敦化','BL',16),('BL17','Sun Yat-Sen Memorial Hall','國父紀念館','BL',17),('BL18','Taipei City Hall','市政府','BL',18),('BL19','Yongchun','永春','BL',19),('BL20','Houshanpi','後山埤','BL',20),('BL21','Kunyang','昆陽','BL',21),('BL22','Nangang','南港','BL',22),('BL23','Taipei Nangang Exhibition Center','南港展覽館','BL',23),('BR01','Taipei Zoo','動物園','BR',1),('BR02','Muzha','木柵','BR',2),('BR03','Wanfang Community','萬芳社區','BR',3),('BR04','Wanfang Hospital','萬芳醫院','BR',4),('BR05','Xinhai','辛亥','BR',5),('BR06','Linguang','麟光','BR',6),('BR07','Liuzhangli','六張犁','BR',7),('BR08','Technology Building','科技大樓','BR',8),('BR09','Daan','大安','BR',9),('BR10','Zhongxiao Fuxing','忠孝復興','BR',10),('BR11','Nanjing Fuxing','南京復興','BR',11),('BR12','Zhongshan Junior High School','中山國中','BR',12),('BR13','Songshan Airport','松山機場','BR',13),('BR14','Dazhi','大直','BR',14),('BR15','Jiannan Road','劍南路','BR',15),('BR16','Xihu','西湖','BR',16),('BR17','Gangqian','港墘','BR',17),('BR18','Wende','文德','BR',18),('BR19','Neihu','內湖','BR',19),('BR20','Dahu Park','大湖公園','BR',20),('BR21','Huzhou','葫洲','BR',21),('BR22','Donghu','東湖','BR',22),('BR23','Nangang Software Park','南港軟體園區','BR',23),('BR24','Taipei Nangang Exhibition Center','南港展覽館','BR',24),('G01','Xindian','新店','G',1),('G02','Xindian District Office','新店區公所','G',2),('G03','Qizhang','七張','G',3),('G04','Dapinglin','大坪林','G',4),('G05','Jingmei','景美','G',5),('G06','Wanlong','萬隆','G',6),('G07','Gongguan','公館','G',7),('G08','Taipower Building','台電大樓','G',8),('G09','Guting','古亭','G',9),('G10','Chiang Kai-Shek Memorial Hall','中正紀念堂','G',10),('G11','Xiaonanmen','小南門','G',11),('G12','Ximen','西門','G',12),('G13','Beimen','北門','G',13),('G14','Zhongshan','中山','G',14),('G15','Songjiang Nanjing','松江南京','G',15),('G16','Nanjing Fuxing','南京復興','G',16),('G17','Taipei Arena','台北小巨蛋','G',17),('G18','Nanjing Sanmin','南京三民','G',18),('G19','Songshan','松山','G',19),('O01','Nanshijiao','南勢角','O',1),('O02','Jingan','景安','O',2),('O03','Yongan Market','永安市場','O',3),('O04','Dingxi','頂溪','O',4),('O05','Guting','古亭','O',5),('O06','Dongmen','東門','O',6),('O07','Zhongxiao Xinsheng','忠孝新生','O',8),('O08','Songjiang Nanjing','松江南京','O',9),('O09','Xingtian Temple','行天宮','O',7),('O10','Zhongshan Elementary School','中山國小','O',10),('O11','Minquan West Road','民權西路','O',11),('O12','Daqiaotou','大橋頭','O',12),('O13','Taipei Bridge','台北橋','O',13),('O14','Cailiao','菜寮','O',14),('O15','Sanchong','三重','O',15),('O16','Xianse Temple','先嗇宮','O',16),('O17','Touqianzhuang','頭前庄','O',17),('O18','Xinzhuang','新莊','O',18),('O19','Fu Jen University','輔大','O',19),('O20','Danfeng','丹鳳','O',20),('O21','Huilong','迴龍','O',21),('O50','Sanchong Elementary School','三重國小','O',22),('O51','Sanhe Junior High School','三和國中','O',23),('O52','Saint Ignatius High School','徐匯中學','O',24),('O53','Sanmin Senior High School','三民高中','O',25),('O54','Luzhou','蘆洲','O',26),('R02','Xiangshan','象山','R',1),('R03','Taipei 101/World Trade Center','台北101/世貿','R',2),('R04','Xinyi Anhe','信義安和','R',3),('R05','Daan','大安','R',4),('R06','Daan Park','大安森林公園','R',5),('R07','Dongmen','東門','R',6),('R08','Chiang Kai-Shek Memorial Hall','中正紀念堂','R',7),('R09','National Taiwan University Hospital','台大醫院','R',8),('R10','Taipei Main Station','台北車站','R',9),('R11','Zhongshan','中山','R',10),('R12','Shuanglian','雙連','R',11),('R13','Minquan West Road','民權西路','R',12),('R14','Yuanshan','圓山','R',13),('R15','Jiantan','劍潭','R',14),('R16','Shilin','士林','R',15),('R17','Zhishan','芝山','R',16),('R18','Mingde','明德','R',17),('R19','Shipai','石牌','R',18),('R20','Qilian','唭哩岸','R',19),('R21','Qiyan','奇岩','R',21),('R22','Beitou','北投','R',21),('R23','Fuxinggang','復興崗','R',22),('R24','Zhongyi','忠義','R',23),('R25','Guandu','關渡','R',24),('R26','Zhuwei','竹圍','R',25),('R27','Hongshulin','紅樹林','R',26),('R28','Tamsui','淡水','R',27),('Y07','Dapinglin','大坪林','Y',1),('Y08','Shisizhang','十四張','Y',2),('Y09','Xiulang Bridge','秀朗橋','Y',3),('Y10','Jingping','景平','Y',4),('Y11','Jingan','景安','Y',5),('Y12','Zhonghe','中和','Y',6),('Y13','Qiaohe','橋和','Y',7),('Y14','Zhongyuan','中原','Y',8),('Y15','Banxin','板新','Y',9),('Y16','Banqiao','板橋','Y',10),('Y17','Xinpu Minsheng','新埔民生','Y',11),('Y18','Touqianzhuang','頭前庄','Y',12),('Y19','Xingfu','幸福','Y',13),('Y20','New Taipei Industrial Park','新北產業園區','Y',14);
/*!40000 ALTER TABLE `station` ENABLE KEYS */;
UNLOCK TABLES;

--
-- Table structure for table `station_bk`
--

DROP TABLE IF EXISTS `station_bk`;
/*!40101 SET @saved_cs_client     = @@character_set_client */;
/*!50503 SET character_set_client = utf8mb4 */;
CREATE TABLE `station_bk` (
  `StationCode` char(4) NOT NULL COMMENT '站點代表號',
  `NameE` varchar(50) NOT NULL COMMENT '站點(英)',
  `NameC` varchar(20) NOT NULL COMMENT '站點(中)',
  `LineCode` char(2) NOT NULL COMMENT '各線代表號',
  `Sort` tinyint NOT NULL COMMENT '站點的第n個位置',
  PRIMARY KEY (`StationCode`)
) ENGINE=InnoDB DEFAULT CHARSET=utf8mb4 COLLATE=utf8mb4_0900_ai_ci COMMENT='捷運站點資料表';
/*!40101 SET character_set_client = @saved_cs_client */;

--
-- Dumping data for table `station_bk`
--

LOCK TABLES `station_bk` WRITE;
/*!40000 ALTER TABLE `station_bk` DISABLE KEYS */;
INSERT INTO `station_bk` VALUES ('BL01','Dingpu','頂埔','BL',1),('BL02','Yongning','永寧','BL',2),('BL03','Tucheng','土城','BL',3),('BL04','Haishan','海山','BL',4),('BL05','Far Eastern Hospital','亞東醫院','BL',5),('BL06','Fuzhong','府中','BL',6),('BL07','Banqiao','板橋','BL',7),('BL08','Xinpu','新埔','BL',8),('BL09','Jiangzicui','江子翠','BL',9),('BL10','Longshan Temple','龍山寺','BL',10),('BL11','Ximen','西門','BL',11),('BL12','Taipei Main Station','台北車站','BL',12),('BL13','Shandao Temple','善導寺','BL',13),('BL16','Zhongxiao Dunhua','忠孝敦化','BL',16),('BL17','Sun Yat-Sen Memorial Hall','國父紀念館','BL',17),('BL18','Taipei City Hall','市政府','BL',18),('BL19','Yongchun','永春','BL',19),('BL20','Houshanpi','後山埤','BL',20),('BL21','Kunyang','昆陽','BL',21),('BL22','Nangang','南港','BL',22),('BR01','Taipei Zoo','動物園','BR',1),('BR02','Muzha','木柵','BR',2),('BR03','Wanfang Community','萬芳社區','BR',3),('BR04','Wanfang Hospital','萬芳醫院','BR',4),('BR05','Xinhai','辛亥','BR',5),('BR06','Linguang','麟光','BR',6),('BR07','Liuzhangli','六張犁','BR',7),('BR08','Technology Building','科技大樓','BR',8),('BR10','Zhongxiao Fuxing','忠孝復興','BR',10),('BR12','Zhongshan Junior High School','中山國中','BR',12),('BR13','Songshan Airport','松山機場','BR',13),('BR14','Dazhi','大直','BR',14),('BR15','Jiannan Road','劍南路','BR',15),('BR16','Xihu','西湖','BR',16),('BR17','Gangqian','港墘','BR',17),('BR18','Wende','文德','BR',18),('BR19','Neihu','內湖','BR',19),('BR20','Dahu Park','大湖公園','BR',20),('BR21','Huzhou','葫洲','BR',21),('BR22','Donghu','東湖','BR',22),('BR23','Nangang Software Park','南港軟體園區','BR',23),('BR24','Taipei Nangang Exhibition Center','南港展覽館','BR',24),('G01','Xindian','新店','G',1),('G02','Xindian District Office','新店區公所','G',2),('G03','Qizhang','七張','G',3),('G04','Dapinglin','大坪林','G',4),('G05','Jingmei','景美','G',5),('G06','Wanlong','萬隆','G',6),('G07','Gongguan','公館','G',7),('G08','Taipower Building','台電大樓','G',8),('G11','Xiaonanmen','小南門','G',11),('G13','Beimen','北門','G',13),('G16','Nanjing Fuxing','南京復興','G',16),('G17','Taipei Arena','台北小巨蛋','G',17),('G18','Nanjing Sanmin','南京三民','G',18),('G19','Songshan','松山','G',19),('O01','Nanshijiao','南勢角','O',1),('O03','Yongan Market','永安市場','O',3),('O04','Dingxi','頂溪','O',4),('O05','Guting','古亭','O',5),('O07','Zhongxiao Xinsheng','忠孝新生','O',8),('O08','Songjiang Nanjing','松江南京','O',9),('O09','Xingtian Temple','行天宮','O',7),('O10','Zhongshan Elementary School','中山國小','O',10),('O11','Minquan West Road','民權西路','O',11),('O12','Daqiaotou','大橋頭','O',12),('O13','Taipei Bridge','台北橋','O',13),('O14','Cailiao','菜寮','O',14),('O15','Sanchong','三重','O',15),('O16','Xianse Temple','先嗇宮','O',16),('O17','Touqianzhuang','頭前庄','O',17),('O18','Xinzhuang','新莊','O',18),('O19','Fu Jen University','輔大','O',19),('O20','Danfeng','丹鳳','O',20),('O21','Huilong','迴龍','O',21),('O50','Sanchong Elementary School','三重國小','O',22),('O51','Sanhe Junior High School','三和國中','O',23),('O52','Saint Ignatius High School','徐匯中學','O',24),('O53','Sanmin Senior High School','三民高中','O',25),('O54','Luzhou','蘆洲','O',26),('R02','Xiangshan','象山','R',1),('R03','Taipei 101/World Trade Center','台北101/世貿','R',2),('R04','Xinyi Anhe','信義安和','R',3),('R05','Daan','大安','R',4),('R06','Daan Park','大安森林公園','R',5),('R07','Dongmen','東門','R',6),('R08','Chiang Kai-Shek Memorial Hall','中正紀念堂','R',7),('R09','National Taiwan University Hospital','台大醫院','R',8),('R11','Zhongshan','中山','R',10),('R12','Shuanglian','雙連','R',11),('R14','Yuanshan','圓山','R',13),('R15','Jiantan','劍潭','R',14),('R16','Shilin','士林','R',15),('R17','Zhishan','芝山','R',16),('R18','Mingde','明德','R',17),('R19','Shipai','石牌','R',18),('R20','Qilian','唭哩岸','R',19),('R21','Qiyan','奇岩','R',21),('R22','Beitou','北投','R',21),('R23','Fuxinggang','復興崗','R',22),('R24','Zhongyi','忠義','R',23),('R25','Guandu','關渡','R',24),('R26','Zhuwei','竹圍','R',25),('R27','Hongshulin','紅樹林','R',26),('R28','Tamsui','淡水','R',27),('Y08','Shisizhang','十四張','Y',2),('Y09','Xiulang Bridge','秀朗橋','Y',3),('Y10','Jingping','景平','Y',4),('Y11','Jingan','景安','Y',5),('Y12','Zhonghe','中和','Y',6),('Y13','Qiaohe','橋和','Y',7),('Y14','Zhongyuan','中原','Y',8),('Y15','Banxin','板新','Y',9),('Y17','Xinpu Minsheng','新埔民生','Y',11),('Y19','Xingfu','幸福','Y',13),('Y20','New Taipei Industrial Park','新北產業園區','Y',14);
/*!40000 ALTER TABLE `station_bk` ENABLE KEYS */;
UNLOCK TABLES;

--
-- Table structure for table `station_exit_locat`
--

DROP TABLE IF EXISTS `station_exit_locat`;
/*!40101 SET @saved_cs_client     = @@character_set_client */;
/*!50503 SET character_set_client = utf8mb4 */;
CREATE TABLE `station_exit_locat` (
  `SENo` int NOT NULL AUTO_INCREMENT COMMENT '站點出口流水號',
  `StationCode` char(4) NOT NULL COMMENT '站點代碼',
  `Exit` varchar(2) NOT NULL COMMENT '站點出口',
  `Longitude` decimal(9,6) NOT NULL COMMENT '經度',
  `Latitude` decimal(9,6) NOT NULL COMMENT '緯度',
  PRIMARY KEY (`SENo`)
) ENGINE=InnoDB AUTO_INCREMENT=512 DEFAULT CHARSET=utf8mb4 COLLATE=utf8mb4_0900_ai_ci COMMENT='站點出口經度位置';
/*!40101 SET character_set_client = @saved_cs_client */;

--
-- Dumping data for table `station_exit_locat`
--

LOCK TABLES `station_exit_locat` WRITE;
/*!40000 ALTER TABLE `station_exit_locat` DISABLE KEYS */;
INSERT INTO `station_exit_locat` VALUES (1,'BL01','1',121.418300,24.959330),(2,'BL01','2',121.418400,24.958950),(3,'BL01','3',121.419300,24.959500),(4,'BL01','4',121.420000,24.960260),(5,'BR13','1',121.552000,25.063630),(6,'BR13','2',121.551000,25.063540),(7,'BR13','3',121.551800,25.063170),(8,'BR12','0',121.544000,25.060830),(9,'BR10','1',121.543100,25.041800),(10,'BR10','2',121.543500,25.041210),(11,'BR10','3',121.544800,25.041470),(12,'BR10','4',121.545100,25.041770),(13,'BR10','5',121.544000,25.042020),(14,'R05','1',121.542000,25.033600),(15,'R05','2',121.541600,25.033650),(16,'R05','3',121.542300,25.033240),(17,'R05','4',121.544000,25.033120),(18,'R05','5',121.543700,25.032860),(19,'R05','6',121.543700,25.034010),(20,'BR08','0',121.543600,25.026150),(21,'BR07','0',121.552700,25.023850),(22,'BR06','0',121.558600,25.018550),(23,'BR05','0',121.557000,25.005120),(24,'BR04','0',121.557700,24.999380),(25,'BR03','0',121.568400,24.998580),(26,'BR02','0',121.573400,24.998170),(27,'BR01','1',121.579900,24.998300),(28,'BR01','2',121.579300,24.997970),(29,'BR14','1',121.546900,25.080360),(30,'BR14','2',121.546800,25.079580),(31,'BR14','3',121.547000,25.079440),(32,'BR15','1',121.555400,25.085480),(33,'BR15','2',121.555200,25.084600),(34,'BR15','3',121.556100,25.084320),(35,'BR16','1',121.566600,25.082340),(36,'BR16','2',121.567100,25.082020),(37,'BR17','1',121.575800,25.080130),(38,'BR17','2',121.574700,25.080070),(39,'BR18','1',121.585600,25.078670),(40,'BR18','2',121.584600,25.078350),(41,'BR19','1',121.594300,25.083750),(42,'BR19','2',121.594600,25.083640),(43,'BR20','1',121.602400,25.083890),(44,'BR20','2',121.602200,25.083680),(45,'BR21','1',121.608100,25.072510),(46,'BR21','2',121.607200,25.072530),(47,'BR22','1',121.610900,25.067190),(48,'BR22','2',121.611300,25.067180),(49,'BR22','3',121.612000,25.067060),(50,'BR23','1',121.615900,25.060390),(51,'BR23','2',121.616300,25.060120),(52,'BR24','1',121.617100,25.055780),(53,'BR24','2',121.617200,25.055410),(54,'BR24','3',121.618200,25.055120),(55,'BR24','4',121.618300,25.055360),(56,'BR24','2A',121.617200,25.055340),(57,'BR24','5',121.616900,25.054920),(58,'BR24','6',121.617900,25.054760),(59,'BR24','7',121.618100,25.054040),(60,'G01','0',121.537600,24.957840),(61,'G02','1',121.541100,24.967390),(62,'G02','2',121.541700,24.967990),(63,'G03','1',121.543100,24.975030),(64,'G03','2',121.542600,24.976910),(65,'G04','1',121.540900,24.982750),(66,'G04','2',121.541600,24.982050),(67,'G04','3',121.541600,24.982980),(68,'G04','4',121.541400,24.983540),(69,'G04','5',121.543200,24.982860),(70,'G05','1',121.540700,24.992130),(71,'G05','2',121.541500,24.993070),(72,'G05','3',121.540500,24.992740),(73,'G06','1',121.538900,25.001370),(74,'G06','2',121.539600,25.001510),(75,'G06','3',121.539200,25.002220),(76,'G06','4',121.538600,25.002680),(77,'G07','1',121.534400,25.014510),(78,'G07','2',121.534700,25.014720),(79,'G07','3',121.534000,25.015420),(80,'G07','4',121.533600,25.015150),(81,'G08','1',121.528600,25.019620),(82,'G08','2',121.529100,25.020190),(83,'G08','3',121.527800,25.021180),(84,'G08','4',121.527300,25.021020),(85,'G08','5',121.527700,25.020760),(86,'O05','1',121.523000,25.025980),(87,'O05','2',121.523400,25.025500),(88,'O05','3',121.523500,25.025920),(89,'O05','4',121.523000,25.026560),(90,'O05','5',121.522900,25.027180),(91,'O05','6',121.522300,25.027540),(92,'O05','7',121.521700,25.027730),(93,'O05','8',121.521900,25.027060),(94,'O05','9',121.522400,25.026800),(95,'R08','1',121.517600,25.033350),(96,'R08','2',121.518300,25.032410),(97,'R08','3',121.519000,25.032280),(98,'R08','4',121.518000,25.033530),(99,'R08','5',121.517100,25.035220),(100,'R08','6',121.516500,25.035880),(101,'R08','7',121.516000,25.034570),(102,'G11','1',121.509800,25.036430),(103,'G11','2',121.509900,25.035740),(104,'G11','3',121.511000,25.035310),(105,'G11','4',121.511500,25.035230),(106,'O04','1',121.515400,25.012900),(107,'O04','2',121.515400,25.014220),(108,'O03','0',121.511000,25.002380),(109,'Y11','0',121.504600,24.993730),(110,'O01','1',121.507900,24.990530),(111,'O01','2',121.508700,24.990160),(112,'O01','3',121.508900,24.990060),(113,'O01','4',121.509800,24.989490),(114,'R09','1',121.515700,25.040910),(115,'R09','2',121.516600,25.041220),(116,'R09','3',121.516600,25.042810),(117,'R09','4',121.516300,25.042880),(118,'BL12','M5',121.516200,25.046760),(119,'BL12','M6',121.516800,25.046230),(120,'BL12','M7',121.518600,25.046080),(121,'BL12','M8',121.517500,25.045950),(122,'BL12','M1',121.518200,25.048230),(123,'BL12','M2',121.519100,25.048160),(124,'BL12','M3',121.517900,25.046340),(125,'BL12','M4',121.517300,25.046490),(126,'R12','1',121.520600,25.057500),(127,'R12','2',121.520600,25.057830),(128,'O11','1',121.519500,25.062640),(129,'O11','4',121.519900,25.061940),(130,'O11','3',121.519800,25.061700),(131,'O11','2',121.519600,25.061850),(132,'O11','5',121.518800,25.063240),(133,'O11','6',121.518900,25.062740),(134,'O11','7',121.520200,25.062700),(135,'O11','8',121.520600,25.062690),(136,'O11','9',121.520600,25.062950),(137,'O11','10',121.520100,25.062970),(138,'R14','1',121.520000,25.070790),(139,'R14','2',121.520100,25.071780),(140,'R15','1',121.525200,25.085030),(141,'R15','2',121.524800,25.083270),(142,'R15','3',121.525000,25.084280),(143,'R16','1',121.526000,25.094110),(144,'R16','2',121.526400,25.092860),(145,'R17','1',121.522600,25.102050),(146,'R17','2',121.522300,25.103840),(147,'R18','1',121.519200,25.109300),(148,'R18','2',121.518700,25.110010),(149,'R18','3',121.518500,25.109960),(150,'R19','1',121.515300,25.114960),(151,'R19','2',121.516300,25.113520),(152,'R20','1',121.506900,25.120710),(153,'R20','2',121.505900,25.120850),(154,'R21','1',121.501000,25.126120),(155,'R21','2',121.501100,25.125020),(156,'R21','3',121.501300,25.125140),(157,'R22','1',121.498100,25.132330),(158,'R22','2',121.499200,25.131030),(159,'R23','1',121.485400,25.137670),(160,'R23','2',121.485100,25.137330),(161,'R24','1',121.473200,25.131060),(162,'R24','2',121.473600,25.130990),(163,'R25','1',121.467200,25.125430),(164,'R25','2',121.466900,25.125470),(165,'R26','1',121.459700,25.136950),(166,'R26','2',121.459400,25.136850),(167,'R27','1',121.459000,25.154500),(168,'R27','2',121.458700,25.154600),(169,'R28','1',121.445500,25.168270),(170,'R28','2',121.445800,25.167760),(171,'R28','3',121.445600,25.167600),(172,'BL02','1',121.435600,24.966640),(173,'BL02','2',121.435800,24.966020),(174,'BL02','3',121.437100,24.967250),(175,'BL02','4',121.436900,24.967540),(176,'BL03','1',121.444200,24.973250),(177,'BL03','2',121.443700,24.972660),(178,'BL03','3',121.445300,24.973710),(179,'BL04','1',121.448600,24.985390),(180,'BL04','2',121.448900,24.985330),(181,'BL04','3',121.449200,24.986300),(182,'BL05','1',121.452600,24.998930),(183,'BL05','2',121.452400,24.998250),(184,'BL05','3',121.452900,24.998880),(185,'BL06','1',121.459100,25.008490),(186,'BL06','2',121.459500,25.008940),(187,'BL06','3',121.459000,25.009160),(188,'BL07','1',121.461800,25.013310),(189,'BL07','2',121.462600,25.013220),(190,'BL07','3',121.462700,25.014440),(191,'BL08','1',121.467500,25.023090),(192,'BL08','2',121.468200,25.022200),(193,'BL08','3',121.468600,25.022940),(194,'BL08','4',121.468700,25.023640),(195,'BL08','5',121.468100,25.024160),(196,'BL09','1',121.471900,25.030300),(197,'BL09','2',121.471900,25.029780),(198,'BL09','3',121.472200,25.029460),(199,'BL09','4',121.472700,25.029760),(200,'BL09','5',121.473400,25.030990),(201,'BL09','6',121.473100,25.031210),(202,'BL10','1',121.499500,25.035480),(203,'BL10','2',121.499800,25.035110),(204,'BL10','3',121.501600,25.035420),(205,'BL13','1',121.523000,25.045100),(206,'BL13','2',121.523100,25.044800),(207,'BL13','3',121.523700,25.044570),(208,'BL13','4',121.524200,25.044110),(209,'BL13','5',121.524800,25.044260),(210,'BL13','6',121.524900,25.044630),(211,'O07','2',121.532100,25.042100),(212,'O07','3',121.533700,25.041780),(213,'O07','4',121.533200,25.042460),(214,'O07','1',121.531800,25.042780),(215,'O07','5',121.532400,25.041040),(216,'O07','6',121.533100,25.040790),(217,'O07','7',121.533100,25.041730),(218,'BL16','1',121.550600,25.041640),(219,'BL16','2',121.551700,25.041630),(220,'BL16','3',121.551600,25.041340),(221,'BL16','4',121.550600,25.041350),(222,'BL16','5',121.549800,25.041240),(223,'BL16','6',121.549200,25.041030),(224,'BL16','7',121.549900,25.041660),(225,'BL16','8',121.549200,25.041930),(226,'BL17','1',121.556700,25.041840),(227,'BL17','2',121.556700,25.041030),(228,'BL17','3',121.558000,25.041200),(229,'BL17','4',121.558500,25.041170),(230,'BL17','5',121.558000,25.041500),(231,'BL18','1',121.565500,25.041410),(232,'BL18','2',121.565100,25.040970),(233,'BL18','3',121.567100,25.040900),(234,'BL18','4',121.567200,25.041260),(235,'BL19','1',121.575100,25.041000),(236,'BL19','2',121.575400,25.040700),(237,'BL19','3',121.576200,25.040700),(238,'BL19','4',121.576600,25.040700),(239,'BL19','5',121.576600,25.040960),(240,'BL20','1',121.581400,25.044420),(241,'BL20','2',121.581900,25.043700),(242,'BL20','3',121.583300,25.045230),(243,'BL20','4',121.582400,25.045650),(244,'BL21','1',121.592700,25.050320),(245,'BL21','2',121.592800,25.050400),(246,'BL21','3',121.593600,25.050600),(247,'BL21','4',121.593800,25.050570),(248,'BL22','1',121.606400,25.051910),(249,'BL22','2',121.607400,25.052030),(250,'R02','1',121.569300,25.033010),(251,'R02','2',121.569900,25.032380),(252,'R02','3',121.570600,25.032970),(253,'R03','1',121.561700,25.033110),(254,'R03','2',121.561900,25.032840),(255,'R03','3',121.563600,25.032740),(256,'R03','4',121.564100,25.033030),(257,'R03','5',121.563300,25.033100),(258,'R04','1',121.552600,25.033380),(259,'R04','2',121.552300,25.033030),(260,'R04','2A',121.552600,25.032850),(261,'R04','3',121.553300,25.033020),(262,'R04','4',121.553400,25.033020),(263,'R04','5',121.553500,25.033330),(264,'R06','1',121.534400,25.033690),(265,'R06','2',121.534500,25.033390),(266,'R06','3',121.534900,25.033400),(267,'R06','4',121.535300,25.033390),(268,'R06','5',121.536000,25.033370),(269,'R06','6',121.536000,25.033650),(270,'O19','1',121.435300,25.032930),(271,'O19','2',121.435300,25.032320),(272,'O19','3',121.436500,25.032780),(273,'O19','4',121.436500,25.033020),(274,'O18','1',121.452400,25.036300),(275,'O18','2',121.452500,25.036010),(276,'O17','1',121.460300,25.039840),(277,'O17','2',121.460900,25.039070),(278,'O17','3',121.462200,25.039850),(279,'O17','4',121.462300,25.040260),(280,'O16','1',121.471300,25.046500),(281,'O16','2',121.471200,25.046080),(282,'O16','3',121.471800,25.046300),(283,'O15','1',121.483300,25.055350),(284,'O15','2',121.484500,25.055620),(285,'O15','3',121.485000,25.056130),(286,'O14','1',121.490700,25.059710),(287,'O14','2',121.491100,25.059290),(288,'O14','3',121.492100,25.060560),(289,'O13','0',121.500300,25.062970),(290,'O12','1',121.512300,25.063180),(291,'O12','1A',121.511700,25.063330),(292,'O12','2',121.513300,25.063200),(293,'O12','3',121.513400,25.063740),(294,'O10','1',121.526100,25.062840),(295,'O10','2',121.526100,25.062460),(296,'O10','3',121.527100,25.062480),(297,'O10','4',121.526800,25.062840),(298,'O09','1',121.533000,25.058100),(299,'O09','2',121.533300,25.058790),(300,'O09','3',121.533400,25.059870),(301,'O09','4',121.533000,25.060370),(302,'R07','1',121.528000,25.034160),(303,'R07','2',121.527600,25.034220),(304,'R07','3',121.527900,25.033680),(305,'R07','4',121.528900,25.033650),(306,'R07','5',121.529500,25.033560),(307,'R07','6',121.530000,25.033920),(308,'R07','7',121.529700,25.033960),(309,'R07','8',121.529000,25.034070),(310,'O54','1',121.464700,25.091330),(311,'O54','2',121.464900,25.091710),(312,'O54','3',121.464300,25.091870),(313,'O53','1',121.472700,25.085690),(314,'O53','2',121.473500,25.085640),(315,'O52','1',121.479900,25.080300),(316,'O52','2',121.480600,25.080330),(317,'O51','1',121.486400,25.076590),(318,'O51','2',121.486500,25.076980),(319,'O50','0',121.496700,25.070650),(320,'O21','1',121.411200,25.021830),(321,'O21','2',121.410800,25.021180),(322,'O21','3',121.412600,25.022540),(323,'O20','1',121.422300,25.028990),(324,'O20','2',121.422600,25.028740),(325,'G16','1',121.542100,25.052630),(326,'G16','2',121.541900,25.051750),(327,'G16','3',121.543100,25.051780),(328,'G16','4',121.543200,25.051780),(329,'G16','5',121.544300,25.051730),(330,'G16','6',121.544900,25.051950),(331,'G16','8',121.543800,25.052020),(332,'G16','7',121.544600,25.052490),(333,'R11','1',121.520300,25.052410),(334,'R11','4',121.520300,25.052860),(335,'R11','2',121.521100,25.052380),(336,'R11','3',121.521200,25.052610),(337,'R11','5',121.519300,25.053040),(338,'R11','6',121.519000,25.052830),(339,'BL11','1',121.507600,25.042140),(340,'BL11','2',121.508400,25.041550),(341,'BL11','3',121.508900,25.041790),(342,'BL11','4',121.509000,25.042200),(343,'BL11','5',121.508800,25.042940),(344,'BL11','6',121.507600,25.042570),(345,'O08','1',121.532400,25.051840),(346,'O08','2',121.532900,25.051340),(347,'O08','3',121.532900,25.051090),(348,'O08','4',121.533200,25.051620),(349,'O08','5',121.534100,25.051880),(350,'O08','6',121.533800,25.052210),(351,'O08','7',121.533200,25.052470),(352,'O08','8',121.532800,25.052570),(353,'G13','1',121.510000,25.048860),(354,'G13','2',121.510500,25.049580),(355,'G13','3',121.510200,25.049940),(356,'G17','1',121.551500,25.051840),(357,'G17','2',121.550700,25.051570),(358,'G17','3',121.552500,25.051520),(359,'G17','4',121.552900,25.051530),(360,'G17','5',121.552100,25.051840),(361,'G18','1',121.563200,25.051630),(362,'G18','2',121.563100,25.051220),(363,'G18','3',121.564600,25.051330),(364,'G18','4',121.564700,25.051590),(365,'G19','1',121.577000,25.050170),(366,'G19','2',121.576200,25.050170),(367,'G19','3',121.577500,25.049940),(368,'G19','4',121.578000,25.049800),(369,'G19','5',121.577800,25.050560),(370,'Y08','0',121.527700,24.984470),(371,'Y09','1',121.525400,24.990530),(372,'Y09','2',121.524900,24.990540),(373,'Y10','0',121.516300,24.991930),(374,'Y12','0',121.496500,25.002210),(375,'Y13','0',121.490300,25.004800),(376,'Y14','0',121.484200,25.008410),(377,'Y15','0',121.472200,25.014490),(378,'BL07','4',121.464900,25.015110),(379,'BL07','5',121.464300,25.015500),(380,'Y17','0',121.466800,25.026130),(381,'Y19','1',121.460100,25.050130),(382,'Y19','2',121.460200,25.049760),(383,'Y20','0',121.459800,25.061560);
/*!40000 ALTER TABLE `station_exit_locat` ENABLE KEYS */;
UNLOCK TABLES;

--
-- Table structure for table `station_exit_locat_bk`
--

DROP TABLE IF EXISTS `station_exit_locat_bk`;
/*!40101 SET @saved_cs_client     = @@character_set_client */;
/*!50503 SET character_set_client = utf8mb4 */;
CREATE TABLE `station_exit_locat_bk` (
  `SENo` int NOT NULL AUTO_INCREMENT,
  `Station` varchar(50) NOT NULL,
  `Exit` varchar(2) NOT NULL,
  `Longitude` decimal(9,6) NOT NULL COMMENT '經度',
  `Latitude` decimal(9,6) NOT NULL COMMENT '緯度',
  PRIMARY KEY (`SENo`)
) ENGINE=InnoDB AUTO_INCREMENT=388 DEFAULT CHARSET=utf8mb4 COLLATE=utf8mb4_0900_ai_ci COMMENT='站點出口經度位置';
/*!40101 SET character_set_client = @saved_cs_client */;

--
-- Dumping data for table `station_exit_locat_bk`
--

LOCK TABLES `station_exit_locat_bk` WRITE;
/*!40000 ALTER TABLE `station_exit_locat_bk` DISABLE KEYS */;
INSERT INTO `station_exit_locat_bk` VALUES (1,'頂埔','1',121.418300,24.959330),(2,'頂埔','2',121.418400,24.958950),(3,'頂埔','3',121.419300,24.959500),(4,'頂埔','4',121.420000,24.960260),(5,'松山機場','1',121.552000,25.063630),(6,'松山機場','2',121.551000,25.063540),(7,'松山機場','3',121.551800,25.063170),(8,'中山國中','0',121.544000,25.060830),(9,'忠孝復興','1',121.543100,25.041800),(10,'忠孝復興','2',121.543500,25.041210),(11,'忠孝復興','3',121.544800,25.041470),(12,'忠孝復興','4',121.545100,25.041770),(13,'忠孝復興','5',121.544000,25.042020),(14,'大安','1',121.542000,25.033600),(15,'大安','2',121.541600,25.033650),(16,'大安','3',121.542300,25.033240),(17,'大安','4',121.544000,25.033120),(18,'大安','5',121.543700,25.032860),(19,'大安','6',121.543700,25.034010),(20,'科技大樓','0',121.543600,25.026150),(21,'六張犁','0',121.552700,25.023850),(22,'麟光','0',121.558600,25.018550),(23,'辛亥','0',121.557000,25.005120),(24,'萬芳醫院','0',121.557700,24.999380),(25,'萬芳社區','0',121.568400,24.998580),(26,'木柵','0',121.573400,24.998170),(27,'動物園','1',121.579900,24.998300),(28,'動物園','2',121.579300,24.997970),(29,'大直','1',121.546900,25.080360),(30,'大直','2',121.546800,25.079580),(31,'大直','3',121.547000,25.079440),(32,'劍南路','1',121.555400,25.085480),(33,'劍南路','2',121.555200,25.084600),(34,'劍南路','3',121.556100,25.084320),(35,'西湖','1',121.566600,25.082340),(36,'西湖','2',121.567100,25.082020),(37,'港墘','1',121.575800,25.080130),(38,'港墘','2',121.574700,25.080070),(39,'文德','1',121.585600,25.078670),(40,'文德','2',121.584600,25.078350),(41,'內湖','1',121.594300,25.083750),(42,'內湖','2',121.594600,25.083640),(43,'大湖公園','1',121.602400,25.083890),(44,'大湖公園','2',121.602200,25.083680),(45,'葫洲','1',121.608100,25.072510),(46,'葫洲','2',121.607200,25.072530),(47,'東湖','1',121.610900,25.067190),(48,'東湖','2',121.611300,25.067180),(49,'東湖','3',121.612000,25.067060),(50,'南港軟體園區','1',121.615900,25.060390),(51,'南港軟體園區','2',121.616300,25.060120),(52,'南港展覽館','1',121.617100,25.055780),(53,'南港展覽館','2',121.617200,25.055410),(54,'南港展覽館','3',121.618200,25.055120),(55,'南港展覽館','4',121.618300,25.055360),(56,'南港展覽館','2A',121.617200,25.055340),(57,'南港展覽館','5',121.616900,25.054920),(58,'南港展覽館','6',121.617900,25.054760),(59,'南港展覽館','7',121.618100,25.054040),(62,'新店','0',121.537600,24.957840),(63,'新店區公所','1',121.541100,24.967390),(64,'新店區公所','2',121.541700,24.967990),(65,'七張','1',121.543100,24.975030),(66,'七張','2',121.542600,24.976910),(67,'大坪林','1',121.540900,24.982750),(68,'大坪林','2',121.541600,24.982050),(69,'大坪林','3',121.541600,24.982980),(70,'大坪林','4',121.541400,24.983540),(71,'大坪林','5',121.543200,24.982860),(72,'景美','1',121.540700,24.992130),(73,'景美','2',121.541500,24.993070),(74,'景美','3',121.540500,24.992740),(75,'萬隆','1',121.538900,25.001370),(76,'萬隆','2',121.539600,25.001510),(77,'萬隆','3',121.539200,25.002220),(78,'萬隆','4',121.538600,25.002680),(79,'公館','1',121.534400,25.014510),(80,'公館','2',121.534700,25.014720),(81,'公館','3',121.534000,25.015420),(82,'公館','4',121.533600,25.015150),(83,'台電大樓','1',121.528600,25.019620),(84,'台電大樓','2',121.529100,25.020190),(85,'台電大樓','3',121.527800,25.021180),(86,'台電大樓','4',121.527300,25.021020),(87,'台電大樓','5',121.527700,25.020760),(88,'古亭','1',121.523000,25.025980),(89,'古亭','2',121.523400,25.025500),(90,'古亭','3',121.523500,25.025920),(91,'古亭','4',121.523000,25.026560),(92,'古亭','5',121.522900,25.027180),(93,'古亭','6',121.522300,25.027540),(94,'古亭','7',121.521700,25.027730),(95,'古亭','8',121.521900,25.027060),(96,'古亭','9',121.522400,25.026800),(97,'中正紀念堂','1',121.517600,25.033350),(98,'中正紀念堂','2',121.518300,25.032410),(99,'中正紀念堂','3',121.519000,25.032280),(100,'中正紀念堂','4',121.518000,25.033530),(101,'中正紀念堂','5',121.517100,25.035220),(102,'中正紀念堂','6',121.516500,25.035880),(103,'中正紀念堂','7',121.516000,25.034570),(104,'小南門','1',121.509800,25.036430),(105,'小南門','2',121.509900,25.035740),(106,'小南門','3',121.511000,25.035310),(107,'小南門','4',121.511500,25.035230),(108,'頂溪','1',121.515400,25.012900),(109,'頂溪','2',121.515400,25.014220),(110,'永安市場','0',121.511000,25.002380),(111,'景安','0',121.504600,24.993730),(112,'南勢角','1',121.507900,24.990530),(113,'南勢角','2',121.508700,24.990160),(114,'南勢角','3',121.508900,24.990060),(115,'南勢角','4',121.509800,24.989490),(116,'台大醫院','1',121.515700,25.040910),(117,'台大醫院','2',121.516600,25.041220),(118,'台大醫院','3',121.516600,25.042810),(119,'台大醫院','4',121.516300,25.042880),(120,'台北車站','M5',121.516200,25.046760),(121,'台北車站','M6',121.516800,25.046230),(122,'台北車站','M7',121.518600,25.046080),(123,'台北車站','M8',121.517500,25.045950),(124,'台北車站','M1',121.518200,25.048230),(125,'台北車站','M2',121.519100,25.048160),(126,'台北車站','M3',121.517900,25.046340),(127,'台北車站','M4',121.517300,25.046490),(128,'雙連','1',121.520600,25.057500),(129,'雙連','2',121.520600,25.057830),(130,'民權西路','1',121.519500,25.062640),(131,'民權西路','4',121.519900,25.061940),(132,'民權西路','3',121.519800,25.061700),(133,'民權西路','2',121.519600,25.061850),(134,'民權西路','5',121.518800,25.063240),(135,'民權西路','6',121.518900,25.062740),(136,'民權西路','7',121.520200,25.062700),(137,'民權西路','8',121.520600,25.062690),(138,'民權西路','9',121.520600,25.062950),(139,'民權西路','10',121.520100,25.062970),(140,'圓山','1',121.520000,25.070790),(141,'圓山','2',121.520100,25.071780),(142,'劍潭','1',121.525200,25.085030),(143,'劍潭','2',121.524800,25.083270),(144,'劍潭','3',121.525000,25.084280),(145,'士林','1',121.526000,25.094110),(146,'士林','2',121.526400,25.092860),(147,'芝山','1',121.522600,25.102050),(148,'芝山','2',121.522300,25.103840),(149,'明德','1',121.519200,25.109300),(150,'明德','2',121.518700,25.110010),(151,'明德','3',121.518500,25.109960),(152,'石牌','1',121.515300,25.114960),(153,'石牌','2',121.516300,25.113520),(154,'唭哩岸','1',121.506900,25.120710),(155,'唭哩岸','2',121.505900,25.120850),(156,'奇岩','1',121.501000,25.126120),(157,'奇岩','2',121.501100,25.125020),(158,'奇岩','3',121.501300,25.125140),(159,'北投','1',121.498100,25.132330),(160,'北投','2',121.499200,25.131030),(163,'復興崗','1',121.485400,25.137670),(164,'復興崗','2',121.485100,25.137330),(165,'忠義','1',121.473200,25.131060),(166,'忠義','2',121.473600,25.130990),(167,'關渡','1',121.467200,25.125430),(168,'關渡','2',121.466900,25.125470),(169,'竹圍','1',121.459700,25.136950),(170,'竹圍','2',121.459400,25.136850),(171,'紅樹林','1',121.459000,25.154500),(172,'紅樹林','2',121.458700,25.154600),(173,'淡水','1',121.445500,25.168270),(174,'淡水','2',121.445800,25.167760),(175,'淡水','3',121.445600,25.167600),(176,'永寧','1',121.435600,24.966640),(177,'永寧','2',121.435800,24.966020),(178,'永寧','3',121.437100,24.967250),(179,'永寧','4',121.436900,24.967540),(180,'土城','1',121.444200,24.973250),(181,'土城','2',121.443700,24.972660),(182,'土城','3',121.445300,24.973710),(183,'海山','1',121.448600,24.985390),(184,'海山','2',121.448900,24.985330),(185,'海山','3',121.449200,24.986300),(186,'亞東醫院','1',121.452600,24.998930),(187,'亞東醫院','2',121.452400,24.998250),(188,'亞東醫院','3',121.452900,24.998880),(189,'府中','1',121.459100,25.008490),(190,'府中','2',121.459500,25.008940),(191,'府中','3',121.459000,25.009160),(192,'板橋','1',121.461800,25.013310),(193,'板橋','2',121.462600,25.013220),(194,'板橋','3',121.462700,25.014440),(195,'新埔','1',121.467500,25.023090),(196,'新埔','2',121.468200,25.022200),(197,'新埔','3',121.468600,25.022940),(198,'新埔','4',121.468700,25.023640),(199,'新埔','5',121.468100,25.024160),(200,'江子翠','1',121.471900,25.030300),(201,'江子翠','2',121.471900,25.029780),(202,'江子翠','3',121.472200,25.029460),(203,'江子翠','4',121.472700,25.029760),(204,'江子翠','5',121.473400,25.030990),(205,'江子翠','6',121.473100,25.031210),(206,'龍山寺','1',121.499500,25.035480),(207,'龍山寺','2',121.499800,25.035110),(208,'龍山寺','3',121.501600,25.035420),(209,'善導寺','1',121.523000,25.045100),(210,'善導寺','2',121.523100,25.044800),(211,'善導寺','3',121.523700,25.044570),(212,'善導寺','4',121.524200,25.044110),(213,'善導寺','5',121.524800,25.044260),(214,'善導寺','6',121.524900,25.044630),(215,'忠孝新生','2',121.532100,25.042100),(216,'忠孝新生','3',121.533700,25.041780),(217,'忠孝新生','4',121.533200,25.042460),(218,'忠孝新生','1',121.531800,25.042780),(219,'忠孝新生','5',121.532400,25.041040),(220,'忠孝新生','6',121.533100,25.040790),(221,'忠孝新生','7',121.533100,25.041730),(222,'忠孝敦化','1',121.550600,25.041640),(223,'忠孝敦化','2',121.551700,25.041630),(224,'忠孝敦化','3',121.551600,25.041340),(225,'忠孝敦化','4',121.550600,25.041350),(226,'忠孝敦化','5',121.549800,25.041240),(227,'忠孝敦化','6',121.549200,25.041030),(228,'忠孝敦化','7',121.549900,25.041660),(229,'忠孝敦化','8',121.549200,25.041930),(230,'國父紀念館','1',121.556700,25.041840),(231,'國父紀念館','2',121.556700,25.041030),(232,'國父紀念館','3',121.558000,25.041200),(233,'國父紀念館','4',121.558500,25.041170),(234,'國父紀念館','5',121.558000,25.041500),(235,'市政府','1',121.565500,25.041410),(236,'市政府','2',121.565100,25.040970),(237,'市政府','3',121.567100,25.040900),(238,'市政府','4',121.567200,25.041260),(239,'永春','1',121.575100,25.041000),(240,'永春','2',121.575400,25.040700),(241,'永春','3',121.576200,25.040700),(242,'永春','4',121.576600,25.040700),(243,'永春','5',121.576600,25.040960),(244,'後山埤','1',121.581400,25.044420),(245,'後山埤','2',121.581900,25.043700),(246,'後山埤','3',121.583300,25.045230),(247,'後山埤','4',121.582400,25.045650),(248,'昆陽','1',121.592700,25.050320),(249,'昆陽','2',121.592800,25.050400),(250,'昆陽','3',121.593600,25.050600),(251,'昆陽','4',121.593800,25.050570),(252,'南港','1',121.606400,25.051910),(253,'南港','2',121.607400,25.052030),(254,'象山','1',121.569300,25.033010),(255,'象山','2',121.569900,25.032380),(256,'象山','3',121.570600,25.032970),(257,'台北101/世貿','1',121.561700,25.033110),(258,'台北101/世貿','2',121.561900,25.032840),(259,'台北101/世貿','3',121.563600,25.032740),(260,'台北101/世貿','4',121.564100,25.033030),(261,'台北101/世貿','5',121.563300,25.033100),(262,'信義安和','1',121.552600,25.033380),(263,'信義安和','2',121.552300,25.033030),(264,'信義安和','2A',121.552600,25.032850),(265,'信義安和','3',121.553300,25.033020),(266,'信義安和','4',121.553400,25.033020),(267,'信義安和','5',121.553500,25.033330),(268,'大安森林公園','1',121.534400,25.033690),(269,'大安森林公園','2',121.534500,25.033390),(270,'大安森林公園','3',121.534900,25.033400),(271,'大安森林公園','4',121.535300,25.033390),(272,'大安森林公園','5',121.536000,25.033370),(273,'大安森林公園','6',121.536000,25.033650),(274,'輔大','1',121.435300,25.032930),(275,'輔大','2',121.435300,25.032320),(276,'輔大','3',121.436500,25.032780),(277,'輔大','4',121.436500,25.033020),(278,'新莊','1',121.452400,25.036300),(279,'新莊','2',121.452500,25.036010),(280,'頭前庄','1',121.460300,25.039840),(281,'頭前庄','2',121.460900,25.039070),(282,'頭前庄','3',121.462200,25.039850),(283,'頭前庄','4',121.462300,25.040260),(284,'先嗇宮','1',121.471300,25.046500),(285,'先嗇宮','2',121.471200,25.046080),(286,'先嗇宮','3',121.471800,25.046300),(287,'三重','1',121.483300,25.055350),(288,'三重','2',121.484500,25.055620),(289,'三重','3',121.485000,25.056130),(290,'菜寮','1',121.490700,25.059710),(291,'菜寮','2',121.491100,25.059290),(292,'菜寮','3',121.492100,25.060560),(293,'台北橋','0',121.500300,25.062970),(294,'大橋頭','1',121.512300,25.063180),(295,'大橋頭','1A',121.511700,25.063330),(296,'大橋頭','2',121.513300,25.063200),(297,'大橋頭','3',121.513400,25.063740),(298,'中山國小','1',121.526100,25.062840),(299,'中山國小','2',121.526100,25.062460),(300,'中山國小','3',121.527100,25.062480),(301,'中山國小','4',121.526800,25.062840),(302,'行天宮','1',121.533000,25.058100),(303,'行天宮','2',121.533300,25.058790),(304,'行天宮','3',121.533400,25.059870),(305,'行天宮','4',121.533000,25.060370),(306,'東門','1',121.528000,25.034160),(307,'東門','2',121.527600,25.034220),(308,'東門','3',121.527900,25.033680),(309,'東門','4',121.528900,25.033650),(310,'東門','5',121.529500,25.033560),(311,'東門','6',121.530000,25.033920),(312,'東門','7',121.529700,25.033960),(313,'東門','8',121.529000,25.034070),(314,'蘆洲','1',121.464700,25.091330),(315,'蘆洲','2',121.464900,25.091710),(316,'蘆洲','3',121.464300,25.091870),(317,'三民高中','1',121.472700,25.085690),(318,'三民高中','2',121.473500,25.085640),(319,'徐匯中學','1',121.479900,25.080300),(320,'徐匯中學','2',121.480600,25.080330),(321,'三和國中','1',121.486400,25.076590),(322,'三和國中','2',121.486500,25.076980),(323,'三重國小','0',121.496700,25.070650),(324,'迴龍','1',121.411200,25.021830),(325,'迴龍','2',121.410800,25.021180),(326,'迴龍','3',121.412600,25.022540),(327,'丹鳳','1',121.422300,25.028990),(328,'丹鳳','2',121.422600,25.028740),(329,'南京復興','1',121.542100,25.052630),(330,'南京復興','2',121.541900,25.051750),(331,'南京復興','3',121.543100,25.051780),(332,'南京復興','4',121.543200,25.051780),(333,'南京復興','5',121.544300,25.051730),(334,'南京復興','6',121.544900,25.051950),(335,'南京復興','8',121.543800,25.052020),(336,'南京復興','7',121.544600,25.052490),(337,'中山','1',121.520300,25.052410),(338,'中山','4',121.520300,25.052860),(339,'中山','2',121.521100,25.052380),(340,'中山','3',121.521200,25.052610),(341,'中山','5',121.519300,25.053040),(342,'中山','6',121.519000,25.052830),(343,'西門','1',121.507600,25.042140),(344,'西門','2',121.508400,25.041550),(345,'西門','3',121.508900,25.041790),(346,'西門','4',121.509000,25.042200),(347,'西門','5',121.508800,25.042940),(348,'西門','6',121.507600,25.042570),(349,'松江南京','1',121.532400,25.051840),(350,'松江南京','2',121.532900,25.051340),(351,'松江南京','3',121.532900,25.051090),(352,'松江南京','4',121.533200,25.051620),(353,'松江南京','5',121.534100,25.051880),(354,'松江南京','6',121.533800,25.052210),(355,'松江南京','7',121.533200,25.052470),(356,'松江南京','8',121.532800,25.052570),(357,'北門','1',121.510000,25.048860),(358,'北門','2',121.510500,25.049580),(359,'北門','3',121.510200,25.049940),(360,'台北小巨蛋','1',121.551500,25.051840),(361,'台北小巨蛋','2',121.550700,25.051570),(362,'台北小巨蛋','3',121.552500,25.051520),(363,'台北小巨蛋','4',121.552900,25.051530),(364,'台北小巨蛋','5',121.552100,25.051840),(365,'南京三民','1',121.563200,25.051630),(366,'南京三民','2',121.563100,25.051220),(367,'南京三民','3',121.564600,25.051330),(368,'南京三民','4',121.564700,25.051590),(369,'松山','1',121.577000,25.050170),(370,'松山','2',121.576200,25.050170),(371,'松山','3',121.577500,25.049940),(372,'松山','4',121.578000,25.049800),(373,'松山','5',121.577800,25.050560),(374,'十四張','0',121.527700,24.984470),(375,'秀朗橋','1',121.525400,24.990530),(376,'秀朗橋','2',121.524900,24.990540),(377,'景平','0',121.516300,24.991930),(378,'中和','0',121.496500,25.002210),(379,'橋和','0',121.490300,25.004800),(380,'中原','0',121.484200,25.008410),(381,'板新','0',121.472200,25.014490),(382,'板橋','4',121.464900,25.015110),(383,'板橋','5',121.464300,25.015500),(384,'新埔民生','0',121.466800,25.026130),(385,'幸福','1',121.460100,25.050130),(386,'幸福','2',121.460200,25.049760),(387,'新北產業園區','0',121.459800,25.061560);
/*!40000 ALTER TABLE `station_exit_locat_bk` ENABLE KEYS */;
UNLOCK TABLES;

--
-- Table structure for table `station_path`
--

DROP TABLE IF EXISTS `station_path`;
/*!40101 SET @saved_cs_client     = @@character_set_client */;
/*!50503 SET character_set_client = utf8mb4 */;
CREATE TABLE `station_path` (
  `PNo` int NOT NULL AUTO_INCREMENT COMMENT '路徑流水號',
  `Start` char(4) NOT NULL COMMENT '參照station.SNo(站點流水號)',
  `End` char(4) NOT NULL COMMENT '參照station.StationCode(站點代碼)',
  `Time` int NOT NULL COMMENT '總共所需時間',
  PRIMARY KEY (`PNo`),
  KEY `FK_station_path_start_idx` (`Start`),
  KEY `FK_station_path_end_idx` (`End`),
  CONSTRAINT `FK_station_path_End` FOREIGN KEY (`End`) REFERENCES `station` (`StationCode`),
  CONSTRAINT `FK_station_path_Start` FOREIGN KEY (`Start`) REFERENCES `station` (`StationCode`)
) ENGINE=InnoDB AUTO_INCREMENT=185 DEFAULT CHARSET=utf8mb4 COLLATE=utf8mb4_0900_ai_ci COMMENT='站點之間路徑資料表';
/*!40101 SET character_set_client = @saved_cs_client */;

--
-- Dumping data for table `station_path`
--

LOCK TABLES `station_path` WRITE;
/*!40000 ALTER TABLE `station_path` DISABLE KEYS */;
INSERT INTO `station_path` VALUES (1,'R28','R27',175),(2,'R27','R26',138),(3,'R26','R26',148),(4,'R25','R24',80),(5,'R24','R23',112),(6,'R23','R22',135),(7,'R22','R21',91),(8,'R21','R20',75),(9,'R20','R19',103),(10,'R19','R18',63),(11,'R18','R17',79),(12,'R17','R16',94),(13,'R16','R15',95),(14,'R15','R14',112),(15,'R14','R13',88),(16,'R13','R12',60),(17,'R12','R11',62),(18,'R11','R10',68),(19,'R10','R09',67),(20,'R09','R08',95),(21,'R08','R07',175),(22,'R07','R06',75),(23,'R06','R05',74),(24,'R05','R04',90),(25,'R04','R03',94),(26,'R03','R02',93),(27,'R22','R21',91),(28,'R21','R20',75),(29,'R20','R19',103),(30,'R19','R18',63),(31,'R18','R17',79),(32,'R17','R16',94),(33,'R16','R15',95),(34,'R15','R14',112),(35,'R14','R13',88),(36,'R13','R12',60),(37,'R12','R11',62),(38,'R11','R10',68),(39,'R10','R09',67),(40,'R09','R08',95),(41,'R08','R07',175),(42,'R07','R06',75),(43,'R06','R05',74),(44,'G19','G18',138),(45,'G18','G17',102),(46,'G17','G16',84),(47,'G16','G15',92),(48,'G15','G14',106),(49,'G14','G13',116),(50,'G13','G12',86),(51,'G12','G11',83),(52,'G11','G10',76),(53,'G10','G09',87),(54,'G09','G08',85),(55,'G08','G07',79),(56,'G07','G06',122),(57,'G06','G05',89),(58,'G05','G04',92),(59,'G04','G03',78),(60,'G03','G02',81),(61,'G02','G01',111),(62,'G19','G18',138),(63,'G18','G17',102),(64,'G17','G16',84),(65,'G16','G15',92),(66,'G15','G14',106),(67,'G14','G13',116),(68,'G13','G12',86),(69,'G12','G11',83),(70,'G11','G10',76),(71,'G10','G09',87),(72,'G09','G08',85),(73,'BL23','BL22',112),(74,'BL22','BL21',109),(75,'BL21','BL20',107),(76,'BL20','BL19',76),(77,'BL19','BL18',87),(78,'BL18','BL17',77),(79,'BL17','BL16',71),(80,'BL16','BL15',65),(81,'BL15','BL14',90),(82,'BL14','BL13',81),(83,'BL13','BL12',66),(84,'BL12','BL11',120),(85,'BL11','BL10',110),(86,'BL10','BL09',192),(87,'BL09','BL08',77),(88,'BL08','BL07',107),(89,'BL07','BL06',67),(90,'BL06','BL05',102),(91,'BL05','BL04',142),(92,'BL04','BL03',106),(93,'BL03','BL02',95),(94,'BL02','BL01',180),(95,'BL23','BL22',112),(96,'BL22','BL21',109),(97,'BL21','BL20',107),(98,'BL20','BL19',76),(99,'BL19','BL18',87),(100,'BL18','BL17',77),(101,'BL17','BL16',71),(102,'BL16','BL15',65),(103,'BL15','BL14',90),(104,'BL14','BL13',81),(105,'BL13','BL12',66),(106,'BL12','BL11',120),(107,'BL11','BL10',110),(108,'BL10','BL09',192),(109,'BL09','BL08',77),(110,'BL08','BL07',107),(111,'BL07','BL06',67),(112,'BL06','BL05',102),(113,'BR24','BR23',78),(114,'BR23','BR22',85),(115,'BR22','BR21',78),(116,'BR21','BR20',121),(117,'BR20','BR19',71),(118,'BR19','BR18',78),(119,'BR18','BR17',72),(120,'BR17','BR16',65),(121,'BR16','BR15',110),(122,'BR15','BR14',103),(123,'BR14','BR13',172),(124,'BR13','BR12',142),(125,'BR12','BR11',66),(126,'BR11','BR10',86),(127,'BR10','BR09',67),(128,'BR09','BR08',69),(129,'BR08','BR07',122),(130,'BR07','BR06',72),(131,'BR06','BR05',124),(132,'BR05','BR04',106),(133,'BR04','BR03',99),(134,'BR03','BR02',47),(135,'BR02','BR01',67),(136,'O54','O53',111),(137,'O53','O52',92),(138,'O52','O51',82),(139,'O51','O50',107),(140,'O50','O12',151),(141,'O12','O11',72),(142,'O11','O10',72),(143,'O10','O09',96),(144,'O09','O08',78),(145,'O08','O07',102),(146,'O07','O06',136),(147,'O06','O05',208),(148,'O05','O04',187),(149,'O04','O03',103),(150,'O03','O02',90),(151,'O02','O01',97),(152,'O21','O20',168),(153,'O20','O19',113),(154,'O19','O18',137),(155,'O18','O17',94),(156,'O17','O16',108),(157,'O16','O15',142),(158,'O15','O14',84),(159,'O14','O13',97),(160,'O13','O12',127),(161,'O12','O11',72),(162,'O11','O10',72),(163,'O10','O09',96),(164,'O09','O08',78),(165,'O08','O07',102),(166,'O07','O06',136),(167,'O06','O05',208),(168,'O05','O04',187),(169,'O04','O03',103),(170,'O03','O02',90),(171,'O02','O01',97),(172,'Y20','Y19',135),(173,'Y19','Y18',95),(174,'Y18','Y17',143),(175,'Y17','Y16',191),(176,'Y16','Y15',153),(177,'Y15','Y14',111),(178,'Y14','Y13',72),(179,'Y13','Y12',104),(180,'Y12','Y11',194),(181,'Y11','Y10',84),(182,'Y10','Y09',79),(183,'Y09','Y08',111),(184,'Y08','Y07',145);
/*!40000 ALTER TABLE `station_path` ENABLE KEYS */;
UNLOCK TABLES;

--
-- Table structure for table `station_place`
--

DROP TABLE IF EXISTS `station_place`;
/*!40101 SET @saved_cs_client     = @@character_set_client */;
/*!50503 SET character_set_client = utf8mb4 */;
CREATE TABLE `station_place` (
  `SPNo` int NOT NULL AUTO_INCREMENT COMMENT '地點流水號',
  `NameE` varchar(50) NOT NULL COMMENT '地點(英)',
  `NameC` varchar(20) NOT NULL COMMENT '地點(中)',
  `AddressURL` varchar(500) NOT NULL COMMENT '地址(英)',
  `SENo` int NOT NULL COMMENT '站點出口流水號',
  `TNo` smallint NOT NULL COMMENT '分類標籤流水號',
  PRIMARY KEY (`SPNo`),
  KEY `FK_station_place_TNo_idx` (`TNo`),
  KEY `FK_station_place_SENo_idx` (`SENo`),
  CONSTRAINT `FK_station_place_SENo` FOREIGN KEY (`SENo`) REFERENCES `station_exit_locat` (`SENo`),
  CONSTRAINT `FK_station_place_TNo` FOREIGN KEY (`TNo`) REFERENCES `station_place_tag` (`TNo`)
) ENGINE=InnoDB DEFAULT CHARSET=utf8mb4 COLLATE=utf8mb4_0900_ai_ci COMMENT='站點附近景點資料表';
/*!40101 SET character_set_client = @saved_cs_client */;

--
-- Dumping data for table `station_place`
--

LOCK TABLES `station_place` WRITE;
/*!40000 ALTER TABLE `station_place` DISABLE KEYS */;
/*!40000 ALTER TABLE `station_place` ENABLE KEYS */;
UNLOCK TABLES;

--
-- Table structure for table `station_place_tag`
--

DROP TABLE IF EXISTS `station_place_tag`;
/*!40101 SET @saved_cs_client     = @@character_set_client */;
/*!50503 SET character_set_client = utf8mb4 */;
CREATE TABLE `station_place_tag` (
  `TNo` smallint NOT NULL COMMENT '分類標籤流水號',
  `NameE` varchar(50) NOT NULL COMMENT '地點分類標籤(英)',
  `NameC` varchar(20) NOT NULL COMMENT '地點分類標籤(中)',
  PRIMARY KEY (`TNo`)
) ENGINE=InnoDB DEFAULT CHARSET=utf8mb4 COLLATE=utf8mb4_0900_ai_ci COMMENT='地點分類標籤資料表';
/*!40101 SET character_set_client = @saved_cs_client */;

--
-- Dumping data for table `station_place_tag`
--

LOCK TABLES `station_place_tag` WRITE;
/*!40000 ALTER TABLE `station_place_tag` DISABLE KEYS */;
/*!40000 ALTER TABLE `station_place_tag` ENABLE KEYS */;
UNLOCK TABLES;

--
-- Table structure for table `user_like`
--

DROP TABLE IF EXISTS `user_like`;
/*!40101 SET @saved_cs_client     = @@character_set_client */;
/*!50503 SET character_set_client = utf8mb4 */;
CREATE TABLE `user_like` (
  `ULNo` int NOT NULL AUTO_INCREMENT COMMENT '使用者收藏紀錄流水號',
  `FileName` varchar(20) NOT NULL COMMENT '資料夾名稱',
  `UserNo` int NOT NULL COMMENT '使用者流水號',
  `SPNo` int NOT NULL COMMENT '地點流水號',
  `CreateTime` datetime NOT NULL COMMENT '建立時間',
  `UpdateTime` datetime NOT NULL COMMENT '更新時間',
  PRIMARY KEY (`ULNo`),
  KEY `FK_user_like_UserNo_idx` (`UserNo`),
  KEY `FK_user_like_SPNo_idx` (`SPNo`),
  CONSTRAINT `FK_user_like_SPNo` FOREIGN KEY (`SPNo`) REFERENCES `station_place` (`SPNo`),
  CONSTRAINT `FK_user_like_UserNo` FOREIGN KEY (`UserNo`) REFERENCES `user_profile` (`UserNo`)
) ENGINE=InnoDB DEFAULT CHARSET=utf8mb4 COLLATE=utf8mb4_0900_ai_ci COMMENT='使用者收藏紀錄資料表';
/*!40101 SET character_set_client = @saved_cs_client */;

--
-- Dumping data for table `user_like`
--

LOCK TABLES `user_like` WRITE;
/*!40000 ALTER TABLE `user_like` DISABLE KEYS */;
/*!40000 ALTER TABLE `user_like` ENABLE KEYS */;
UNLOCK TABLES;

--
-- Table structure for table `user_profile`
--

DROP TABLE IF EXISTS `user_profile`;
/*!40101 SET @saved_cs_client     = @@character_set_client */;
/*!50503 SET character_set_client = utf8mb4 */;
CREATE TABLE `user_profile` (
  `UserNo` int NOT NULL AUTO_INCREMENT COMMENT '使用者流水號',
  `UserName` varchar(20) NOT NULL COMMENT '名稱',
  `UserImage` varchar(50) NOT NULL COMMENT '照片路徑',
  `Gmail` varchar(64) NOT NULL COMMENT '電子信箱',
  `IsStop` char(1) NOT NULL COMMENT '帳號是否停用,Y/N',
  `CreateTime` datetime NOT NULL COMMENT '建立時間',
  `UpdateTime` datetime NOT NULL,
  PRIMARY KEY (`UserNo`),
  UNIQUE KEY `email_UNIQUE` (`Gmail`)
) ENGINE=InnoDB AUTO_INCREMENT=11 DEFAULT CHARSET=utf8mb4 COLLATE=utf8mb4_0900_ai_ci COMMENT='使用者基本資料表';
/*!40101 SET character_set_client = @saved_cs_client */;

--
-- Dumping data for table `user_profile`
--

LOCK TABLES `user_profile` WRITE;
/*!40000 ALTER TABLE `user_profile` DISABLE KEYS */;
INSERT INTO `user_profile` VALUES (1,'林芷伃','default','11336010@ntub.edu.tw','N','2025-05-04 17:17:40','2025-05-30 16:17:54'),(10,'林芷伃','default','10856035@ntub.edu.tw','N','2025-06-04 09:30:44','2025-06-04 09:30:44');
/*!40000 ALTER TABLE `user_profile` ENABLE KEYS */;
UNLOCK TABLES;

--
-- Table structure for table `user_profile_trigger`
--

DROP TABLE IF EXISTS `user_profile_trigger`;
/*!40101 SET @saved_cs_client     = @@character_set_client */;
/*!50503 SET character_set_client = utf8mb4 */;
CREATE TABLE `user_profile_trigger` (
  `TriggerDate` datetime NOT NULL COMMENT '異動時間',
  `TriggerType` varchar(2) NOT NULL COMMENT '異動型態',
  `UserNo` int NOT NULL COMMENT '使用者流水號',
  `UserName` varchar(20) NOT NULL COMMENT '名稱',
  `UserImage` varchar(50) NOT NULL COMMENT '照片路徑',
  `Gmail` varchar(64) NOT NULL COMMENT '電子信箱',
  `IsStop` char(1) NOT NULL COMMENT '帳號是否停用,Y/N',
  `CreateTime` datetime NOT NULL COMMENT '建立時間',
  `UpdateTime` datetime NOT NULL COMMENT '更新時間',
  `TrrigerNo` int NOT NULL AUTO_INCREMENT COMMENT '異動記錄流水號',
  PRIMARY KEY (`TrrigerNo`)
) ENGINE=InnoDB AUTO_INCREMENT=3 DEFAULT CHARSET=utf8mb4 COLLATE=utf8mb4_0900_ai_ci COMMENT='使用者基本資料異動表';
/*!40101 SET character_set_client = @saved_cs_client */;

--
-- Dumping data for table `user_profile_trigger`
--

LOCK TABLES `user_profile_trigger` WRITE;
/*!40000 ALTER TABLE `user_profile_trigger` DISABLE KEYS */;
INSERT INTO `user_profile_trigger` VALUES ('2025-06-04 09:26:02','D',9,'林芷伃','default','10856035@ntub.edu.tw','N','2025-05-30 14:34:21','2025-05-30 14:34:21',1),('2025-06-04 09:30:44','I',10,'林芷伃','default','10856035@ntub.edu.tw','N','2025-06-04 09:30:44','2025-06-04 09:30:44',2);
/*!40000 ALTER TABLE `user_profile_trigger` ENABLE KEYS */;
UNLOCK TABLES;

--
-- Temporary view structure for view `v_line_station`
--

DROP TABLE IF EXISTS `v_line_station`;
/*!50001 DROP VIEW IF EXISTS `v_line_station`*/;
SET @saved_cs_client     = @@character_set_client;
/*!50503 SET character_set_client = utf8mb4 */;
/*!50001 CREATE VIEW `v_line_station` AS SELECT 
 1 AS `StationCode`,
 1 AS `Station`,
 1 AS `Line`,
 1 AS `LineCode`,
 1 AS `Sort`*/;
SET character_set_client = @saved_cs_client;

--
-- Temporary view structure for view `v_shortest_path`
--

DROP TABLE IF EXISTS `v_shortest_path`;
/*!50001 DROP VIEW IF EXISTS `v_shortest_path`*/;
SET @saved_cs_client     = @@character_set_client;
/*!50503 SET character_set_client = utf8mb4 */;
/*!50001 CREATE VIEW `v_shortest_path` AS SELECT 
 1 AS `start_station_code`,
 1 AS `start_station_name`,
 1 AS `end_station_code`,
 1 AS `end_station_name`,
 1 AS `Time`*/;
SET character_set_client = @saved_cs_client;

--
-- Temporary view structure for view `v_station_exit_place`
--

DROP TABLE IF EXISTS `v_station_exit_place`;
/*!50001 DROP VIEW IF EXISTS `v_station_exit_place`*/;
SET @saved_cs_client     = @@character_set_client;
/*!50503 SET character_set_client = utf8mb4 */;
/*!50001 CREATE VIEW `v_station_exit_place` AS SELECT 
 1 AS `StationCode`,
 1 AS `nameE`,
 1 AS `Exit`*/;
SET character_set_client = @saved_cs_client;

--
-- Final view structure for view `v_line_station`
--

/*!50001 DROP VIEW IF EXISTS `v_line_station`*/;
/*!50001 SET @saved_cs_client          = @@character_set_client */;
/*!50001 SET @saved_cs_results         = @@character_set_results */;
/*!50001 SET @saved_col_connection     = @@collation_connection */;
/*!50001 SET character_set_client      = utf8mb4 */;
/*!50001 SET character_set_results     = utf8mb4 */;
/*!50001 SET collation_connection      = utf8mb4_0900_ai_ci */;
/*!50001 CREATE ALGORITHM=UNDEFINED */
/*!50013 DEFINER=`root`@`localhost` SQL SECURITY DEFINER */
/*!50001 VIEW `v_line_station` AS select `s`.`StationCode` AS `StationCode`,`s`.`NameE` AS `Station`,`l`.`NameE` AS `Line`,`l`.`LineCode` AS `LineCode`,`l`.`Sort` AS `Sort` from (`station` `s` join `line` `l` on((`s`.`LineCode` = `l`.`LineCode`))) order by `l`.`Sort` */;
/*!50001 SET character_set_client      = @saved_cs_client */;
/*!50001 SET character_set_results     = @saved_cs_results */;
/*!50001 SET collation_connection      = @saved_col_connection */;

--
-- Final view structure for view `v_shortest_path`
--

/*!50001 DROP VIEW IF EXISTS `v_shortest_path`*/;
/*!50001 SET @saved_cs_client          = @@character_set_client */;
/*!50001 SET @saved_cs_results         = @@character_set_results */;
/*!50001 SET @saved_col_connection     = @@collation_connection */;
/*!50001 SET character_set_client      = utf8mb4 */;
/*!50001 SET character_set_results     = utf8mb4 */;
/*!50001 SET collation_connection      = utf8mb4_0900_ai_ci */;
/*!50001 CREATE ALGORITHM=UNDEFINED */
/*!50013 DEFINER=`metro`@`%` SQL SECURITY DEFINER */
/*!50001 VIEW `v_shortest_path` AS select `sp`.`Start` AS `start_station_code`,`s1`.`NameE` AS `start_station_name`,`sp`.`End` AS `end_station_code`,`s2`.`NameE` AS `end_station_name`,`sp`.`Time` AS `Time` from ((`station_path` `sp` left join `station` `s1` on((`s1`.`StationCode` = `sp`.`Start`))) left join `station` `s2` on((`s2`.`StationCode` = `sp`.`End`))) */;
/*!50001 SET character_set_client      = @saved_cs_client */;
/*!50001 SET character_set_results     = @saved_cs_results */;
/*!50001 SET collation_connection      = @saved_col_connection */;

--
-- Final view structure for view `v_station_exit_place`
--

/*!50001 DROP VIEW IF EXISTS `v_station_exit_place`*/;
/*!50001 SET @saved_cs_client          = @@character_set_client */;
/*!50001 SET @saved_cs_results         = @@character_set_results */;
/*!50001 SET @saved_col_connection     = @@collation_connection */;
/*!50001 SET character_set_client      = utf8mb4 */;
/*!50001 SET character_set_results     = utf8mb4 */;
/*!50001 SET collation_connection      = utf8mb4_0900_ai_ci */;
/*!50001 CREATE ALGORITHM=UNDEFINED */
/*!50013 DEFINER=`metro`@`%` SQL SECURITY DEFINER */
/*!50001 VIEW `v_station_exit_place` AS select `se`.`StationCode` AS `StationCode`,`s`.`NameE` AS `nameE`,`se`.`Exit` AS `Exit` from (`station_exit_locat` `se` join `station` `s` on((`se`.`StationCode` = `s`.`StationCode`))) */;
/*!50001 SET character_set_client      = @saved_cs_client */;
/*!50001 SET character_set_results     = @saved_cs_results */;
/*!50001 SET collation_connection      = @saved_col_connection */;
/*!40103 SET TIME_ZONE=@OLD_TIME_ZONE */;

/*!40101 SET SQL_MODE=@OLD_SQL_MODE */;
/*!40014 SET FOREIGN_KEY_CHECKS=@OLD_FOREIGN_KEY_CHECKS */;
/*!40014 SET UNIQUE_CHECKS=@OLD_UNIQUE_CHECKS */;
/*!40101 SET CHARACTER_SET_CLIENT=@OLD_CHARACTER_SET_CLIENT */;
/*!40101 SET CHARACTER_SET_RESULTS=@OLD_CHARACTER_SET_RESULTS */;
/*!40101 SET COLLATION_CONNECTION=@OLD_COLLATION_CONNECTION */;
/*!40111 SET SQL_NOTES=@OLD_SQL_NOTES */;

-- Dump completed on 2025-09-23 16:15:35
